-- event 3 - NAMBLA event

-- ===========================================================================
-- npcs

-- altar boy
insert into npc values(
  190000, -- npcid
  'Altar Boy', -- name
  'Altar Boy', -- nameid
  'Event 3 Mob', -- note
  'L1Monster', -- impl
  723, -- gfxid
  3, -- lvl
  25, -- hp
  0, -- mp
  9, -- ac
  5, -- str
  12, -- con
  15, -- dex
  5, -- wis
  8, -- intel
  0, -- mr
  10, -- exp
  350, -- lawful
  'small', -- size
  0, -- weakAttr
  1, -- ranged
  0, -- tamable
  1280, -- passispeed
  0, -- atkspeed
  0, -- alt_atk_speed
  0, -- atk_magic_speed
  0, -- sub_magic_speed
  0, -- undead
  0, -- poison_atk
  0, -- paralysis_atk
  0, -- agro
  0, -- agrososc
  0, -- agrocoi
  'nambla', -- family
  1, -- agrofamily
  -1, -- agrogfxid1
  -1, -- agrogfxid2
  0, -- picupitem
  0, -- digestitem
  0, -- bravespeed
  5000, -- hprinterval
  1, -- hpr
  0, -- mprinterval
  0, -- mpr
  0, -- teleport
  0, -- randomlevel
  0, -- randomhp
  0, -- randommp
  0, -- randomac
  0, -- randomexp
  0, -- randomlawful
  0, -- damage_reduction
  0, -- hard
  0, -- doppel
  0, -- IsTU
  1, -- IsErase
  0, -- bowActId
  0, -- karma
  -1, -- transform_id
  0, -- transform_gfxid
  1, -- light_size
  0, -- amount_fixed
  0, -- change_head
  0 -- cant_resurrect
  );

-- boy scout
insert into npc values(
  190001, -- npcid
  'Boy Scout', -- name
  'Boy Scout', -- nameid
  'Event 3 Mob', -- note
  'L1Monster', -- impl
  721, -- gfxid
  3, -- lvl
  25, -- hp
  0, -- mp
  9, -- ac
  5, -- str
  12, -- con
  15, -- dex
  5, -- wis
  8, -- intel
  0, -- mr
  10, -- exp
  350, -- lawful
  'small', -- size
  0, -- weakAttr
  1, -- ranged
  0, -- tamable
  1280, -- passispeed
  0, -- atkspeed
  0, -- alt_atk_speed
  0, -- atk_magic_speed
  0, -- sub_magic_speed
  0, -- undead
  0, -- poison_atk
  0, -- paralysis_atk
  0, -- agro
  0, -- agrososc
  0, -- agrocoi
  'nambla', -- family
  1, -- agrofamily
  -1, -- agrogfxid1
  -1, -- agrogfxid2
  0, -- picupitem
  0, -- digestitem
  0, -- bravespeed
  5000, -- hprinterval
  1, -- hpr
  0, -- mprinterval
  0, -- mpr
  0, -- teleport
  0, -- randomlevel
  0, -- randomhp
  0, -- randommp
  0, -- randomac
  0, -- randomexp
  0, -- randomlawful
  0, -- damage_reduction
  0, -- hard
  0, -- doppel
  0, -- IsTU
  1, -- IsErase
  0, -- bowActId
  0, -- karma
  -1, -- transform_id
  0, -- transform_gfxid
  1, -- light_size
  0, -- amount_fixed
  0, -- change_head
  0 -- cant_resurrect
  );

-- NAMBLA member
insert into npc values(
  190002, -- npcid
  'NAMBLA Member', -- name
  'NAMBLA Member', -- nameid
  'Event 3 Mob', -- note
  'L1Monster', -- impl
  2516, -- gfxid
  32, -- lvl
  320, -- hp
  20, -- mp
  22, -- ac
  18, -- str
  18, -- con
  18, -- dex
  12, -- wis
  13, -- intel
  35, -- mr
  1225, -- exp
  -50, -- lawful
  'small', -- size
  0, -- weakAttr
  1, -- ranged
  0, -- tamable
  960, -- passispeed
  1760, -- atkspeed
  1760, -- alt_atk_speed
  1760, -- atk_magic_speed
  1760, -- sub_magic_speed
  0, -- undead
  0, -- poison_atk
  0, -- paralysis_atk
  0, -- agro
  0, -- agrososc
  0, -- agrocoi
  'nambla', -- family
  1, -- agrofamily
  -1, -- agrogfxid1
  -1, -- agrogfxid2
  0, -- picupitem
  0, -- digestitem
  0, -- bravespeed
  1500, -- hprinterval
  2, -- hpr
  0, -- mprinterval
  0, -- mpr
  0, -- teleport
  0, -- randomlevel
  0, -- randomhp
  0, -- randommp
  0, -- randomac
  0, -- randomexp
  0, -- randomlawful
  0, -- damage_reduction
  0, -- hard
  0, -- doppel
  0, -- IsTU
  1, -- IsErase
  0, -- bowActId
  0, -- karma
  -1, -- transform_id
  0, -- transform_gfxid
  1, -- light_size
  0, -- amount_fixed
  0, -- change_head
  0 -- cant_resurrect
  );

-- NAMBLA Member in Fursuit
insert into npc values(
  190003, -- npcid
  'NAMBLA Member in Fursuit', -- name
  'NAMBLA Member in Fursuit', -- nameid
  'Event 3 Mob', -- note
  'L1Monster', -- impl
  6314, -- gfxid
  45, -- lvl
  580, -- hp
  120, -- mp
  42, -- ac
  22, -- str
  20, -- con
  18, -- dex
  12, -- wis
  13, -- intel
  35, -- mr
  2026, -- exp
  -80, -- lawful
  'large', -- size
  0, -- weakAttr
  1, -- ranged
  0, -- tamable
  560, -- passispeed
  1000, -- atkspeed
  1000, -- alt_atk_speed
  1000, -- atk_magic_speed
  1000, -- sub_magic_speed
  0, -- undead
  0, -- poison_atk
  0, -- paralysis_atk
  0, -- agro
  0, -- agrososc
  0, -- agrocoi
  'nambla', -- family
  1, -- agrofamily
  -1, -- agrogfxid1
  -1, -- agrogfxid2
  0, -- picupitem
  0, -- digestitem
  0, -- bravespeed
  1500, -- hprinterval
  5, -- hpr
  1500, -- mprinterval
  2, -- mpr
  0, -- teleport
  0, -- randomlevel
  0, -- randomhp
  0, -- randommp
  0, -- randomac
  0, -- randomexp
  0, -- randomlawful
  0, -- damage_reduction
  0, -- hard
  0, -- doppel
  0, -- IsTU
  1, -- IsErase
  0, -- bowActId
  0, -- karma
  -1, -- transform_id
  0, -- transform_gfxid
  2, -- light_size
  0, -- amount_fixed
  0, -- change_head
  0 -- cant_resurrect
  );

-- Gym Teacher
insert into npc values(
  190004, -- npcid
  'Gym Teacher', -- name
  'Gym Teacher', -- nameid
  'Event 3 Mob', -- note
  'L1Monster', -- impl
  5186, -- gfxid
  47, -- lvl
  580, -- hp
  120, -- mp
  38, -- ac
  20, -- str
  20, -- con
  18, -- dex
  12, -- wis
  13, -- intel
  35, -- mr
  2210, -- exp
  -80, -- lawful
  'small', -- size
  0, -- weakAttr
  1, -- ranged
  0, -- tamable
  480, -- passispeed
  840, -- atkspeed
  840, -- alt_atk_speed
  840, -- atk_magic_speed
  840, -- sub_magic_speed
  0, -- undead
  0, -- poison_atk
  0, -- paralysis_atk
  0, -- agro
  0, -- agrososc
  0, -- agrocoi
  'nambla', -- family
  1, -- agrofamily
  -1, -- agrogfxid1
  -1, -- agrogfxid2
  0, -- picupitem
  0, -- digestitem
  0, -- bravespeed
  1500, -- hprinterval
  5, -- hpr
  1500, -- mprinterval
  5, -- mpr
  0, -- teleport
  0, -- randomlevel
  0, -- randomhp
  0, -- randommp
  0, -- randomac
  0, -- randomexp
  0, -- randomlawful
  0, -- damage_reduction
  0, -- hard
  0, -- doppel
  0, -- IsTU
  1, -- IsErase
  0, -- bowActId
  0, -- karma
  -1, -- transform_id
  0, -- transform_gfxid
  2, -- light_size
  0, -- amount_fixed
  0, -- change_head
  0 -- cant_resurrect
  );


-- Catholic Priest
insert into npc values(
  190005, -- npcid
  'Catholic Priest', -- name
  'Catholic Priest', -- nameid
  'Event 3 Mob', -- note
  'L1Monster', -- impl
  4667, -- gfxid
  49, -- lvl
  580, -- hp
  500, -- mp
  42, -- ac
  16, -- str
  17, -- con
  16, -- dex
  18, -- wis
  22, -- intel
  35, -- mr
  2402, -- exp
  -80, -- lawful
  'small', -- size
  0, -- weakAttr
  1, -- ranged
  0, -- tamable
  480, -- passispeed
  840, -- atkspeed
  840, -- alt_atk_speed
  840, -- atk_magic_speed
  840, -- sub_magic_speed
  0, -- undead
  0, -- poison_atk
  0, -- paralysis_atk
  0, -- agro
  0, -- agrososc
  0, -- agrocoi
  'nambla', -- family
  1, -- agrofamily
  -1, -- agrogfxid1
  -1, -- agrogfxid2
  0, -- picupitem
  0, -- digestitem
  0, -- bravespeed
  1500, -- hprinterval
  5, -- hpr
  1500, -- mprinterval
  20, -- mpr
  0, -- teleport
  0, -- randomlevel
  0, -- randomhp
  0, -- randommp
  0, -- randomac
  0, -- randomexp
  0, -- randomlawful
  0, -- damage_reduction
  0, -- hard
  0, -- doppel
  0, -- IsTU
  1, -- IsErase
  0, -- bowActId
  0, -- karma
  -1, -- transform_id
  0, -- transform_gfxid
  6, -- light_size
  0, -- amount_fixed
  0, -- change_head
  0 -- cant_resurrect
  );

-- Bubbles
INSERT INTO `npc` VALUES (
  190006,  -- npcid
  'Bubbles', -- name
  'Bubbles', -- nameid
  'Event 3 Mob', -- note
  'L1Monster', -- impl
  3644, -- gfxid
  24,  -- lvl
  2152,  -- hp
  50,
  -30,
  22,  -- str
  20,  -- con
  11,
  9,
  9,
  19,
  362,
  -39,
  'small',
  2,
  2,
  0,
  853,
  1520,
  1520, -- alt_atk_speed
  1520,
  1520,
  0,
  0,
  0,
  0,
  0,
  0,
  'nambla',
  1, -- agrofamily
  -1, -- agrogfxid1
  -1, -- agrogfxid2
  0, -- picupitem
  0, -- digestitem
  1, -- bravespeed
  5000, -- hprinterval
  120, -- hpr
  0, -- mpinterval
  0, -- mpr
  0, -- teleport
  0, -- randomlevel
  0, -- randomhp
  0, -- randommp
  0, -- randomac
  0, -- randomexp
  0,
  0,
  0,
  0,
  0,
  1,
  0,
  0,
  -1,
  0,
  0,
  0,
  0, -- change_head
  0 -- cant_resurrect
  );

-- Elephant Man Skeleton
INSERT INTO `npc` VALUES (
  190007,  -- npcid
  'Elephant Man Skeleton', -- name
  'Elephant Man Skeleton', -- nameid
  'Event 3 Mob', -- note
  'L1Monster', -- impl
  5014, -- gfxid
  35, -- lvl
  420, -- hp
  0, -- mp
  -22, -- ac
  20, -- str
  16, -- con
  14, -- dex
  12, -- wis
  10, -- intel
  8, -- mr
  1226, -- exp
  -28, -- lawful
  'small', -- size
  2, -- weakAttr
  1, -- ranged
  0, -- tamable
  960, -- passispeed
  1280, -- atkspeed
  1280, -- alt_atk_speed
  1280, -- atk_magic_speed
  1280, -- sub_magic_speed
  1, -- undead
  0, -- poison_atk
  0, -- paralysis_atk
  0, -- agro
  0, -- agrososc
  0, -- agrocoi
  'nambla', -- family
  1, -- agrofamily
  -1, -- agrogfxid1
  -1, -- agrogfxid2
  0, -- picupitem
  0, -- digestitem
  0, -- bravespeed
  5000, -- hprinterval
  1, -- hpr
  0, -- mprinterval
  0, -- mpr
  0, -- teleport
  0, -- randomlevel
  0, -- randomhp
  0, -- randommp
  0, -- randomac
  0, -- randomexp
  0, -- randomlawful
  0, -- damage_reduction
  0, -- hard
  0, -- doppel
  1, -- IsTU
  1, -- IsErase
  0, -- bowActId
  0, -- karma
  -1, -- transform_id
  0, -- transform_gfxid
  0, -- light_size
  0, -- amount_fixed
  0, -- change_head
  0 -- cant_resurrect
  );


-- Macaulay Culkin
insert into npc values(
  190008, -- npcid
  'Macaulay Culkin', -- name
  'Macaulay Culkin', -- nameid
  'Event 3 Mob', -- note
  'L1Monster', -- impl
  723, -- gfxid
  5, -- lvl
  68, -- hp
  0, -- mp
  9, -- ac
  5, -- str
  12, -- con
  15, -- dex
  5, -- wis
  8, -- intel
  0, -- mr
  26, -- exp
  -50, -- lawful
  'small', -- size
  0, -- weakAttr
  1, -- ranged
  0, -- tamable
  1280, -- passispeed
  1280, -- atkspeed
  1290, -- alt_atk_speed
  1280, -- atk_magic_speed
  1280, -- sub_magic_speed
  0, -- undead
  0, -- poison_atk
  0, -- paralysis_atk
  0, -- agro
  0, -- agrososc
  0, -- agrocoi
  'nambla', -- family
  1, -- agrofamily
  -1, -- agrogfxid1
  -1, -- agrogfxid2
  0, -- picupitem
  0, -- digestitem
  0, -- bravespeed
  5000, -- hprinterval
  1, -- hpr
  0, -- mprinterval
  0, -- mpr
  0, -- teleport
  0, -- randomlevel
  0, -- randomhp
  0, -- randommp
  0, -- randomac
  0, -- randomexp
  0, -- randomlawful
  0, -- damage_reduction
  0, -- hard
  0, -- doppel
  0, -- IsTU
  1, -- IsErase
  0, -- bowActId
  0, -- karma
  -1, -- transform_id
  0, -- transform_gfxid
  1, -- light_size
  0, -- amount_fixed
  0, -- change_head
  0 -- cant_resurrect
  );

-- Michael Jackson
insert into npc values(
  190009, -- npcid
  'Michael Jackson', -- name
  'Michael Jackson', -- nameid
  'Event 3 Mob', -- note
  'L1Monster', -- impl
  4618, -- gfxid
  70, -- lvl
  7520, -- hp
  2580, -- mp
  -57, -- ac
  24, -- str
  17, -- con
  16, -- dex
  18, -- wis
  22, -- intel
  99, -- mr
  4901, -- exp
  -130, -- lawful
  'small', -- size
  0, -- weakAttr
  1, -- ranged
  0, -- tamable
  640, -- passispeed
  1280, -- atkspeed
  1280, -- alt_atk_speed
  1160, -- atk_magic_speed
  1160, -- sub_magic_speed
  0, -- undead
  0, -- poison_atk
  0, -- paralysis_atk
  0, -- agro
  0, -- agrososc
  0, -- agrocoi
  'nambla', -- family
  1, -- agrofamily
  -1, -- agrogfxid1
  -1, -- agrogfxid2
  0, -- picupitem
  0, -- digestitem
  1, -- bravespeed
  5000, -- hprinterval
  420, -- hpr
  5000, -- mprinterval
  800, -- mpr
  0, -- teleport
  0, -- randomlevel
  0, -- randomhp
  0, -- randommp
  0, -- randomac
  0, -- randomexp
  0, -- randomlawful
  0, -- damage_reduction
  0, -- hard
  0, -- doppel
  0, -- IsTU
  1, -- IsErase
  0, -- bowActId
  0, -- karma
  -1, -- transform_id
  0, -- transform_gfxid
  8, -- light_size
  0, -- amount_fixed
  0, -- change_head
  0 -- cant_resurrect
  );

-- HOTBOY
INSERT INTO `npc` VALUES ('190010', 'HOTBOY', 'HOTBOY', 'Event 3 Mob', 'L1Monster', '4003', '49', '400', '400', '-27', '10', '16', '9', '19', '20', '-80', '1000', '1000', 'small', '0', '1', '0', '640', '560', '560', '560', '560', '0', '0', '0', '0', '0', '0', 'nainn', '0', '-1', '-1', '0', '0', '0', '0', '0', '0', '0', '0', '0', '0', '0', '0', '0', '0', '0', '0', '0', '0', '0', '0', '0', '-1', '0', '0', '0', '0', '0');

-- Dekem
INSERT INTO `npc` VALUES ('190011', 'Dekem', 'Dekem', 'Event 3 Mob', 'L1Monster', '3891', '55', '400', '500', '-35', '8', '12', '7', '16', '23', '-50', '1000', '1000', 'small', '0', '1', '0', '640', '680', '680', '680', '680', '0', '0', '0', '0', '0', '0', 'nainn', '0', '-1', '-1', '0', '0', '0', '0', '0', '0', '0', '0', '0', '0', '0', '0', '0', '0', '0', '0', '0', '0', '0', '0', '0', '-1', '0', '0', '0', '0', '0');

-- Uncle Gary
INSERT INTO `npc` VALUES ('190012', 'Uncle Gary', 'Uncle Gary', 'Event 3 Mob', 'L1Monster', '2907', '1', '330', '15', '-22', '2', '3', '3', '4', '5', '4', '1', '-39', 'small', '0', '0', '0', '960', '960', '960', '960', '960', '0', '0', '0', '0', '0', '0', 'nainn', '0', '-1', '-1', '0', '0', '0', '0', '0', '0', '0', '0', '0', '0', '0', '0', '0', '0', '0', '0', '0', '0', '0', '0', '0', '-1', '0', '0', '0', '0', '0');


-- Semen Puddle
INSERT INTO `npc` VALUES ('190013', 'Semen Puddle', 'Semen Puddle', 'Event 3 Mob', 'L1Monster', '31', '6', '60', '10', '-10', '10', '16', '10', '7', '7', '10', '37', '-6', 'small', '8', '1', '1', '840', '840', '640', '640', '640', '0', '0', '0', '0', '0', '0', 'nambla', '0', '-1', '-1', '1', '30', '0', '0', '0', '0', '0', '0', '0', '0', '0', '0', '0', '0', '0', '0', '0', '0', '1', '0', '0', '-1', '0', '0', '0', '0', '0');

-- Unwashed NAMBLA member
insert into npc values(
  190014, -- npcid
  'Unwashed NAMBLA Member', -- name
  'Unwashed NAMBLA Member', -- nameid
  'Event 3 Mob', -- note
  'L1Monster', -- impl
  4420, -- gfxid
  30, -- lvl
  290, -- hp
  20, -- mp
  -20, -- ac
  18, -- str
  18, -- con
  18, -- dex
  12, -- wis
  13, -- intel
  35, -- mr
  1025, -- exp
  -50, -- lawful
  'small', -- size
  0, -- weakAttr
  1, -- ranged
  0, -- tamable
  960, -- passispeed
  1760, -- atkspeed
  1760, -- alt_atk_speed
  1760, -- atk_magic_speed
  1760, -- sub_magic_speed
  0, -- undead
  1, -- poison_atk
  0, -- paralysis_atk
  0, -- agro
  0, -- agrososc
  0, -- agrocoi
  'nambla', -- family
  1, -- agrofamily
  -1, -- agrogfxid1
  -1, -- agrogfxid2
  0, -- picupitem
  0, -- digestitem
  0, -- bravespeed
  1500, -- hprinterval
  2, -- hpr
  0, -- mprinterval
  0, -- mpr
  0, -- teleport
  0, -- randomlevel
  0, -- randomhp
  0, -- randommp
  0, -- randomac
  0, -- randomexp
  0, -- randomlawful
  0, -- damage_reduction
  0, -- hard
  0, -- doppel
  0, -- IsTU
  1, -- IsErase
  0, -- bowActId
  0, -- karma
  -1, -- transform_id
  0, -- transform_gfxid
  1, -- light_size
  0, -- amount_fixed
  0, -- change_head
  0 -- cant_resurrect
  );



-- ===========================================================================
-- mobskills

-- Catholic Priest
insert into mobskill values(
 190005, -- mobid
 0, -- actNo
 'Catholic Priest', -- mobname
 '', -- Skill_Description
 2, -- Type
 40, -- TriRnd
 0, -- TriHp
 0, -- TriCompanionHp
 -6, -- TriRange
 0, -- TriCount
 0, -- ChangeTarget
 0, -- Range
 0, -- AreaWidth
 0, -- AreaHeight
 11, -- Leverage
 45, -- SkillId
 0, -- Gfxid
 0, -- ActId
 0, -- SummonId
 0, -- SummonMin
 0, -- SummonMax
 0 -- PolyId
 );

-- Michael Jackson
insert into mobskill values(
 190009, -- mobid
 0, -- actNo
 'Michael Jackson: erupt', -- mobname
 '', -- Skill_Description
 2, -- Type
 32, -- TriRnd
 0, -- TriHp
 0, -- TriCompanionHp
 -6, -- TriRange
 0, -- TriCount
 0, -- ChangeTarget
 0, -- Range
 0, -- AreaWidth
 0, -- AreaHeight
 22, -- Leverage
 45, -- SkillId
 0, -- Gfxid
 0, -- ActId
 0, -- SummonId
 0, -- SummonMin
 0, -- SummonMax
 0 -- PolyId
 );
insert into mobskill values(
 190009, -- mobid
 1, -- actNo
 'Michael Jackson: tornado', -- mobname
 '', -- Skill_Description
 2, -- Type
 26, -- TriRnd
 0, -- TriHp
 0, -- TriCompanionHp
 -4, -- TriRange
 0, -- TriCount
 0, -- ChangeTarget
 0, -- Range
 0, -- AreaWidth
 0, -- AreaHeight
 34, -- Leverage
 53, -- SkillId
 0, -- Gfxid
 0, -- ActId
 0, -- SummonId
 0, -- SummonMin
 0, -- SummonMax
 0 -- PolyId
 );
insert into mobskill values(
 190009, -- mobid
 2, -- actNo
 'Michael Jackson: summon', -- mobname
 '', -- Skill_Description
 3, -- Type
 10, -- TriRnd
 0, -- TriHp
 0, -- TriCompanionHp
 -3, -- TriRange
 0, -- TriCount
 0, -- ChangeTarget
 0, -- Range
 0, -- AreaWidth
 0, -- AreaHeight
 0, -- Leverage
 0, -- SkillId
 0, -- Gfxid
 0, -- ActId
 190007, -- SummonId
 2, -- SummonMin
 4, -- SummonMax
 0 -- PolyId
 );

-- HOTBOY
insert into mobskill values(
 190010, -- mobid
 0, -- actNo
 'HOTBOY', -- mobname
 '', -- Skill_Description
 2, -- Type
 90, -- TriRnd
 0, -- TriHp
 0, -- TriCompanionHp
 -6, -- TriRange
 0, -- TriCount
 0, -- ChangeTarget
 0, -- Range
 0, -- AreaWidth
 0, -- AreaHeight
 3, -- Leverage
 4, -- SkillId
 0, -- Gfxid
 0, -- ActId
 0, -- SummonId
 0, -- SummonMin
 0, -- SummonMax
 0 -- PolyId
 );

-- Dekem
insert into mobskill values(
 190011, -- mobid
 0, -- actNo
 'Dekem', -- mobname
 '', -- Skill_Description
 2, -- Type
 40, -- TriRnd
 0, -- TriHp
 0, -- TriCompanionHp
 -6, -- TriRange
 0, -- TriCount
 0, -- ChangeTarget
 0, -- Range
 0, -- AreaWidth
 0, -- AreaHeight
 9, -- Leverage
 45, -- SkillId
 0, -- Gfxid
 0, -- ActId
 0, -- SummonId
 0, -- SummonMin
 0, -- SummonMax
 0 -- PolyId
 );



-- ===========================================================================
-- npcchat

insert into npcchat values(
 190009, -- npc_id
 0, -- chat_timing
 'Michael Jackson', -- note
 0, -- start_delay_time
 'Has anyone seen any children?', -- chat_id1
 'Lions, tigers, handcuffs, and Peter Pan!', -- chat_id2
 'Bumper to bumper!', -- chat_id3
 'There was feces and doodoo everywhere!', -- chat_id4
 'Nothing wrong with sharing your bed!', -- chat_id5
 20000, -- chat_interval
 1, -- is_shout
 0, -- is_world_chat
 1, -- is_repeat
 20000, -- repeat_interval
 0 -- game_time
 );

insert into npcchat values(
 190010, -- npc_id
 0, -- chat_timing
 'HOTBOY', -- note
 0, -- start_delay_time
 'FOK BOYS', -- chat_id1
 'fk NAMBLA haters Q_Q', -- chat_id2
 'bro ur diaper needs changed.', -- chat_id3
 'NAMBLA rules... MEXICO too.', -- chat_id4
 'when i was a BOY i was loved by a MAN.', -- chat_id5
 30000, -- chat_interval
 1, -- is_shout
 0, -- is_world_chat
 1, -- is_repeat
 30000, -- repeat_interval
 0 -- game_time
 );

insert into npcchat values(
 190011, -- npc_id
 0, -- chat_timing
 'Dekem', -- note
 0, -- start_delay_time
 'Where can I get a fursuit cleaned?', -- chat_id1
 'Ur anus is insecure. I did you a favor.', -- chat_id2
 'My mom let me join NAMBLA.', -- chat_id3
 'Kneel before the throne of King Dekem!', -- chat_id4
 'brb mom yelling again.', -- chat_id5
 30000, -- chat_interval
 1, -- is_shout
 0, -- is_world_chat
 1, -- is_repeat
 30000, -- repeat_interval
 0 -- game_time
 );

insert into npcchat values(
 190012, -- npc_id
 0, -- chat_timing
 'Uncle Gary', -- note
 0, -- start_delay_time
 'Time for a bath!', -- chat_id1
 'How about a game of twister?', -- chat_id2
 'Kids love candy.', -- chat_id3
 'Ever seen a grown man naked?', -- chat_id4
 'How about a van ride?', -- chat_id5
 30000, -- chat_interval
 1, -- is_shout
 0, -- is_world_chat
 1, -- is_repeat
 30000, -- repeat_interval
 0 -- game_time
 );



-- ===========================================================================
-- items

-- sperm sample
insert into etcitem values(
 50002, -- item_id
 'Sperm Sample', -- name
 'Sperm Sample', -- unidentified_name_id
 'Sperm Sample', -- identified_name_id
 'food', -- item_type
 'normal', -- use_type
 'animalmatter', -- material
 2950, -- weight
 536, -- invgfx
 3043, -- grdgfx
 0, -- itemdesc_id
 1, -- stackable
 0, -- max_charge_count
 0, -- dmg_small
 0, -- dmg_large
 0, -- min_lvl
 0, -- max_lvl
 0, -- locx
 0, -- locy
 0, -- mapid
 1, -- bless
 0, -- trade
 0, -- cant_delete
 0, -- can_seal
 0, -- delay_id
 0, -- delay_time
 0, -- delay_effect
 100, -- food_volume
 1 -- save_at_once
 );

-- pubic hair
insert into etcitem values(
 50003, -- item_id
 'Pubic Hair', -- name
 'Pubic Hair', -- unidentified_name_id
 'Pubic Hair', -- identified_name_id
 'food', -- item_type
 'normal', -- use_type
 'animalmatter', -- material
 150, -- weight
 2112, -- invgfx
 5221, -- grdgfx
 0, -- itemdesc_id
 1, -- stackable
 0, -- max_charge_count
 0, -- dmg_small
 0, -- dmg_large
 0, -- min_lvl
 0, -- max_lvl
 0, -- locx
 0, -- locy
 0, -- mapid
 1, -- bless
 0, -- trade
 0, -- cant_delete
 0, -- can_seal
 0, -- delay_id
 0, -- delay_time
 0, -- delay_effect
 50, -- food_volume
 1 -- save_at_once
 );


-- ===========================================================================
-- drops

-- altar boy
insert into droplist values(190000, '', 40308, '', 22, 128, 1000000); -- adena
insert into droplist values(190000, '', 40065, '', 1, 10, 100000); -- candy
insert into droplist values(190000, '', 40074, '', 1, 1, 85000); -- nzel
insert into droplist values(190000, '', 40087, '', 1, 1, 20000); -- ndai
insert into droplist values(190000, '', 140074, '', 1, 1, 4000); -- bzel
insert into droplist values(190000, '', 140087, '', 1, 1, 1000); -- bdai
insert into droplist values(190000, '', 40551, '', 1, 1, 10000); -- claw of varlok (elf)
insert into droplist values(190000, '', 40550, '', 1, 1, 10000); -- eye of varlok (mage)
insert into droplist values(190000, '', 40552, '', 1, 1, 10000); -- heart of varlok (prince)
insert into droplist values(190000, '', 40549, '', 1, 1, 10000); -- sword of varlok (knight)
insert into droplist values(190000, '', 20004, '', 1, 1, 3600); -- shadow mask
insert into droplist values(190000, '', 20021, '', 1, 1, 3600); -- dex helm
insert into droplist values(190000, '', 20039, '', 1, 1, 3600); -- con helm
insert into droplist values(190000, '', 20027, '', 1, 1, 3600); -- rkh
insert into droplist values(190000, '', 20226, '', 1, 1, 3600); -- bomp
insert into droplist values(190000, '', 20065, '', 1, 1, 3600); -- red cloak
insert into droplist values(190000, '', 20164, '', 1, 1, 1800); -- shadow gloves
insert into droplist values(190000, '', 20084, '', 1, 1, 1800); -- ets
insert into droplist values(190000, '', 20230, '', 1, 1, 1800); -- rksheild
insert into droplist values(190000, '', 30, '', 1, 1, 1800); -- rksword
insert into droplist values(190000, '', 126, '', 1, 1, 1800); -- som
insert into droplist values(190000, '', 115, '', 1, 1, 1800); -- csom
insert into droplist values(190000, '', 20051, '', 1, 1, 900); -- sovereign's majesty cloak
insert into droplist values(190000, '', 20195, '', 1, 1, 900); -- shadow boots
insert into droplist values(190000, '', 20171, '', 1, 1, 900); -- gop
insert into droplist values(190000, '', 20055, '', 1, 1, 900); -- com
insert into droplist values(190000, '', 40051, '', 1, 1, 15000); -- easter basket

-- boy scout
insert into droplist values(190001, '', 40308, '', 22, 128, 1000000); -- adena
insert into droplist values(190001, '', 40065, '', 1, 10, 100000); -- candy
insert into droplist values(190001, '', 40074, '', 1, 1, 85000); -- nzel
insert into droplist values(190001, '', 40087, '', 1, 1, 20000); -- ndai
insert into droplist values(190001, '', 140074, '', 1, 1, 4000); -- bzel
insert into droplist values(190001, '', 140087, '', 1, 1, 1000); -- bdai
insert into droplist values(190001, '', 40551, '', 1, 1, 10000); -- claw of varlok (elf)
insert into droplist values(190001, '', 40550, '', 1, 1, 10000); -- eye of varlok (mage)
insert into droplist values(190001, '', 40552, '', 1, 1, 10000); -- heart of varlok (prince)
insert into droplist values(190001, '', 40549, '', 1, 1, 10000); -- sword of varlok (knight)
insert into droplist values(190001, '', 20004, '', 1, 1, 3600); -- shadow mask
insert into droplist values(190001, '', 20021, '', 1, 1, 3600); -- dex helm
insert into droplist values(190001, '', 20039, '', 1, 1, 3600); -- con helm
insert into droplist values(190001, '', 20027, '', 1, 1, 3600); -- rkh
insert into droplist values(190001, '', 20226, '', 1, 1, 3600); -- bomp
insert into droplist values(190001, '', 20065, '', 1, 1, 3600); -- red cloak
insert into droplist values(190001, '', 20164, '', 1, 1, 1800); -- shadow gloves
insert into droplist values(190001, '', 20084, '', 1, 1, 1800); -- ets
insert into droplist values(190001, '', 20230, '', 1, 1, 1800); -- rksheild
insert into droplist values(190001, '', 30, '', 1, 1, 1800); -- rksword
insert into droplist values(190001, '', 126, '', 1, 1, 1800); -- som
insert into droplist values(190001, '', 115, '', 1, 1, 1800); -- csom
insert into droplist values(190001, '', 20051, '', 1, 1, 900); -- sovereign's majesty cloak
insert into droplist values(190001, '', 20195, '', 1, 1, 900); -- shadow boots
insert into droplist values(190001, '', 20171, '', 1, 1, 900); -- gop
insert into droplist values(190001, '', 20055, '', 1, 1, 900); -- com
insert into droplist values(190001, '', 40051, '', 1, 1, 15000); -- easter basket

-- nambla member
insert into droplist values(190002, '', 40308, '', 32, 148, 1000000); -- adena
insert into droplist values(190002, '', 40060, '', 1, 5, 120000); -- carrot
insert into droplist values(190002, '', 50000, '', 1, 3, 120000); -- lube
insert into droplist values(190002, '', 50002, '', 1, 1, 80000); -- sperm
insert into droplist values(190002, '', 50003, '', 1, 1, 180000); -- pubes
insert into droplist values(190002, '', 40065, '', 1, 10, 120000); -- candy
insert into droplist values(190002, '', 40074, '', 1, 1, 55000); -- nzel
insert into droplist values(190002, '', 40087, '', 1, 1, 9500); -- ndai
insert into droplist values(190002, '', 140074, '', 1, 1, 1100); -- bzel
insert into droplist values(190002, '', 140087, '', 1, 1, 400); -- bdai
insert into droplist values(190002, '', 40551, '', 1, 1, 300); -- claw of varlok (elf)
insert into droplist values(190002, '', 40550, '', 1, 1, 300); -- eye of varlok (mage)
insert into droplist values(190002, '', 40552, '', 1, 1, 300); -- heart of varlok (prince)
insert into droplist values(190002, '', 40549, '', 1, 1, 300); -- sword of varlok (knight)
insert into droplist values(190002, '', 20004, '', 1, 1, 2400); -- shadow mask
insert into droplist values(190002, '', 20021, '', 1, 1, 2400); -- dex helm
insert into droplist values(190002, '', 20039, '', 1, 1, 2400); -- con helm
insert into droplist values(190002, '', 20027, '', 1, 1, 2400); -- rkh
insert into droplist values(190002, '', 20226, '', 1, 1, 2400); -- bomp
insert into droplist values(190002, '', 20065, '', 1, 1, 2400); -- red cloak
insert into droplist values(190002, '', 20164, '', 1, 1, 1300); -- shadow gloves
insert into droplist values(190002, '', 20084, '', 1, 1, 1300); -- ets
insert into droplist values(190002, '', 20230, '', 1, 1, 1300); -- rksheild
insert into droplist values(190002, '', 30, '', 1, 1, 1300); -- rksword
insert into droplist values(190002, '', 126, '', 1, 1, 1300); -- som
insert into droplist values(190002, '', 115, '', 1, 1, 1300); -- csom
insert into droplist values(190002, '', 20051, '', 1, 1, 800); -- sovereign's majesty cloak
insert into droplist values(190002, '', 20195, '', 1, 1, 800); -- shadow boots
insert into droplist values(190002, '', 20171, '', 1, 1, 800); -- gop
insert into droplist values(190002, '', 20055, '', 1, 1, 800); -- com
insert into droplist values(190002, '', 40013, '', 1, 1, 25000); -- haste pot
insert into droplist values(190002, '', 40051, '', 1, 1, 40000); -- hqe

-- unwashed nambla member
insert into droplist values(190014, '', 40308, '', 32, 148, 1000000); -- adena
insert into droplist values(190014, '', 40060, '', 1, 5, 120000); -- carrot
insert into droplist values(190014, '', 50000, '', 1, 3, 120000); -- lube
insert into droplist values(190014, '', 50002, '', 1, 1, 80000); -- sperm
insert into droplist values(190014, '', 50003, '', 1, 1, 180000); -- pubes
insert into droplist values(190014, '', 40065, '', 1, 10, 120000); -- candy
insert into droplist values(190014, '', 40074, '', 1, 1, 55000); -- nzel
insert into droplist values(190014, '', 40087, '', 1, 1, 9500); -- ndai
insert into droplist values(190014, '', 140074, '', 1, 1, 1100); -- bzel
insert into droplist values(190014, '', 140087, '', 1, 1, 400); -- bdai
insert into droplist values(190014, '', 40551, '', 1, 1, 350); -- claw of varlok (elf)
insert into droplist values(190014, '', 40550, '', 1, 1, 350); -- eye of varlok (mage)
insert into droplist values(190014, '', 40552, '', 1, 1, 350); -- heart of varlok (prince)
insert into droplist values(190014, '', 40549, '', 1, 1, 350); -- sword of varlok (knight)
insert into droplist values(190014, '', 20004, '', 1, 1, 2400); -- shadow mask
insert into droplist values(190014, '', 20021, '', 1, 1, 2400); -- dex helm
insert into droplist values(190014, '', 20039, '', 1, 1, 2400); -- con helm
insert into droplist values(190014, '', 20027, '', 1, 1, 2400); -- rkh
insert into droplist values(190014, '', 20226, '', 1, 1, 2400); -- bomp
insert into droplist values(190014, '', 20065, '', 1, 1, 2400); -- red cloak
insert into droplist values(190014, '', 20164, '', 1, 1, 1300); -- shadow gloves
insert into droplist values(190014, '', 20084, '', 1, 1, 1300); -- ets
insert into droplist values(190014, '', 20230, '', 1, 1, 1300); -- rksheild
insert into droplist values(190014, '', 30, '', 1, 1, 1300); -- rksword
insert into droplist values(190014, '', 126, '', 1, 1, 1300); -- som
insert into droplist values(190014, '', 115, '', 1, 1, 1300); -- csom
insert into droplist values(190014, '', 20051, '', 1, 1, 800); -- sovereign's majesty cloak
insert into droplist values(190014, '', 20195, '', 1, 1, 800); -- shadow boots
insert into droplist values(190014, '', 20171, '', 1, 1, 800); -- gop
insert into droplist values(190014, '', 20055, '', 1, 1, 800); -- com
insert into droplist values(190014, '', 40013, '', 1, 1, 25000); -- haste pot
insert into droplist values(190014, '', 40017, '', 1, 1, 85000); -- cure pot
insert into droplist values(190014, '', 40051, '', 1, 1, 40000); -- hqe

-- nambla member in fursuit
insert into droplist values(190003, '', 40308, '', 32, 238, 1000000); -- adena
insert into droplist values(190003, '', 41275, '', 1, 1, 50000); -- bear meat
insert into droplist values(190003, '', 40060, '', 1, 5, 180000); -- carrot
insert into droplist values(190003, '', 50000, '', 1, 3, 180000); -- lube
insert into droplist values(190003, '', 50002, '', 1, 1, 120000); -- sperm
insert into droplist values(190003, '', 50003, '', 1, 1, 200000); -- pubes
insert into droplist values(190003, '', 40065, '', 1, 10, 200000); -- candy
insert into droplist values(190003, '', 40074, '', 1, 1, 75000); -- nzel
insert into droplist values(190003, '', 40087, '', 1, 1, 20000); -- ndai
insert into droplist values(190003, '', 140074, '', 1, 1, 2300); -- bzel
insert into droplist values(190003, '', 140087, '', 1, 1, 700); -- bdai
insert into droplist values(190003, '', 40551, '', 1, 1, 600); -- claw of varlok (elf)
insert into droplist values(190003, '', 40550, '', 1, 1, 600); -- eye of varlok (mage)
insert into droplist values(190003, '', 40552, '', 1, 1, 600); -- heart of varlok (prince)
insert into droplist values(190003, '', 40549, '', 1, 1, 600); -- sword of varlok (knight)
insert into droplist values(190003, '', 20004, '', 1, 1, 3200); -- shadow mask
insert into droplist values(190003, '', 20021, '', 1, 1, 3200); -- dex helm
insert into droplist values(190003, '', 20039, '', 1, 1, 3200); -- con helm
insert into droplist values(190003, '', 20027, '', 1, 1, 3200); -- rkh
insert into droplist values(190003, '', 20226, '', 1, 1, 3200); -- bomp
insert into droplist values(190003, '', 20065, '', 1, 1, 3200); -- red cloak
insert into droplist values(190003, '', 20164, '', 1, 1, 2200); -- shadow gloves
insert into droplist values(190003, '', 20084, '', 1, 1, 2200); -- ets
insert into droplist values(190003, '', 20230, '', 1, 1, 2200); -- rksheild
insert into droplist values(190003, '', 30, '', 1, 1, 2200); -- rksword
insert into droplist values(190003, '', 126, '', 1, 1, 2200); -- som
insert into droplist values(190003, '', 115, '', 1, 1, 2200); -- csom
insert into droplist values(190003, '', 20051, '', 1, 1, 1500); -- sovereign's majesty cloak
insert into droplist values(190003, '', 20195, '', 1, 1, 1500); -- shadow boots
insert into droplist values(190003, '', 20171, '', 1, 1, 1500); -- gop
insert into droplist values(190003, '', 20055, '', 1, 1, 1500); -- com
insert into droplist values(190003, '', 209, '', 1, 1, 400); -- ess:con
insert into droplist values(190003, '', 40013, '', 1, 1, 75000); -- haste pot
insert into droplist values(190003, '', 40405, '', 1, 1, 50000); -- fur
insert into droplist values(190003, '', 40049, '', 1, 1, 70000); -- hqr

-- gym teacher
insert into droplist values(190004, '', 40308, '', 45, 338, 1000000); -- adena
insert into droplist values(190004, '', 40060, '', 1, 5, 220000); -- carrot
insert into droplist values(190004, '', 50000, '', 1, 4, 220000); -- lube
insert into droplist values(190004, '', 50002, '', 1, 1, 175000); -- sperm
insert into droplist values(190004, '', 50003, '', 1, 1, 380000); -- pubes
insert into droplist values(190004, '', 40065, '', 1, 10, 300000); -- candy
insert into droplist values(190004, '', 40062, '', 1, 1, 5000); -- banana
insert into droplist values(190004, '', 40074, '', 1, 1, 75000); -- nzel
insert into droplist values(190004, '', 40087, '', 1, 1, 20000); -- ndai
insert into droplist values(190004, '', 140074, '', 1, 1, 4500); -- bzel
insert into droplist values(190004, '', 140087, '', 1, 1, 1500); -- bdai
insert into droplist values(190004, '', 40551, '', 1, 1, 5000); -- claw of varlok (elf)
insert into droplist values(190004, '', 40550, '', 1, 1, 5000); -- eye of varlok (mage)
insert into droplist values(190004, '', 40552, '', 1, 1, 5000); -- heart of varlok (prince)
insert into droplist values(190004, '', 40549, '', 1, 1, 5000); -- sword of varlok (knight)
insert into droplist values(190004, '', 20004, '', 1, 1, 5000); -- shadow mask
insert into droplist values(190004, '', 20021, '', 1, 1, 5000); -- dex helm
insert into droplist values(190004, '', 20039, '', 1, 1, 5000); -- con helm
insert into droplist values(190004, '', 20027, '', 1, 1, 5000); -- rkh
insert into droplist values(190004, '', 20226, '', 1, 1, 5000); -- bomp
insert into droplist values(190004, '', 20065, '', 1, 1, 5000); -- red cloak
insert into droplist values(190004, '', 20164, '', 1, 1, 3500); -- shadow gloves
insert into droplist values(190004, '', 20084, '', 1, 1, 3500); -- ets
insert into droplist values(190004, '', 20230, '', 1, 1, 3500); -- rksheild
insert into droplist values(190004, '', 30, '', 1, 1, 3500); -- rksword
insert into droplist values(190004, '', 126, '', 1, 1, 3500); -- som
insert into droplist values(190004, '', 115, '', 1, 1, 3500); -- csom
insert into droplist values(190004, '', 20051, '', 1, 1, 2800); -- sovereign's majesty cloak
insert into droplist values(190004, '', 20195, '', 1, 1, 2800); -- shadow boots
insert into droplist values(190004, '', 20171, '', 1, 1, 2800); -- gop
insert into droplist values(190004, '', 20055, '', 1, 1, 2800); -- com
insert into droplist values(190004, '', 209, '', 1, 1, 650); -- ess:con
insert into droplist values(190004, '', 40013, '', 1, 1, 75000); -- haste pot
insert into droplist values(190004, '', 40856, '', 1, 1, 15000); -- pi tele scroll
insert into droplist values(190004, '', 42049, '', 1, 1, 2000); -- fi tele scroll
insert into droplist values(190004, '', 40050, '', 1, 1, 80000); -- hqe

-- catholic priest
insert into droplist values(190005, '', 40308, '', 420, 1820, 1000000); -- adena
insert into droplist values(190005, '', 40060, '', 5, 30, 350000); -- carrot
insert into droplist values(190005, '', 50000, '', 3, 10, 350000); -- lube
insert into droplist values(190005, '', 50002, '', 1, 3, 275000); -- sperm
insert into droplist values(190005, '', 50003, '', 1, 1, 400000); -- pubes
insert into droplist values(190005, '', 40062, '', 1, 1, 20000); -- banana
insert into droplist values(190005, '', 40074, '', 1, 3, 125000); -- nzel
insert into droplist values(190005, '', 40087, '', 1, 1, 45000); -- ndai
insert into droplist values(190005, '', 140074, '', 1, 1, 6000); -- bzel
insert into droplist values(190005, '', 140087, '', 1, 1, 2000); -- bdai
insert into droplist values(190005, '', 240074, '', 1, 1, 7000); -- czel
insert into droplist values(190005, '', 240087, '', 1, 1, 2500); -- cdai
insert into droplist values(190005, '', 40551, '', 1, 1, 5000); -- claw of varlok (elf)
insert into droplist values(190005, '', 40550, '', 1, 1, 5000); -- eye of varlok (mage)
insert into droplist values(190005, '', 40552, '', 1, 1, 5000); -- heart of varlok (prince)
insert into droplist values(190005, '', 40549, '', 1, 1, 5000); -- sword of varlok (knight)
insert into droplist values(190005, '', 20004, '', 1, 1, 10000); -- shadow mask
insert into droplist values(190005, '', 20021, '', 1, 1, 10000); -- dex helm
insert into droplist values(190005, '', 20039, '', 1, 1, 10000); -- con helm
insert into droplist values(190005, '', 20027, '', 1, 1, 10000); -- rkh
insert into droplist values(190005, '', 20226, '', 1, 1, 10000); -- bomp
insert into droplist values(190005, '', 20065, '', 1, 1, 10000); -- red cloak
insert into droplist values(190005, '', 20164, '', 1, 1, 8500); -- shadow gloves
insert into droplist values(190005, '', 20084, '', 1, 1, 8500); -- ets
insert into droplist values(190005, '', 20230, '', 1, 1, 8500); -- rksheild
insert into droplist values(190005, '', 30, '', 1, 1, 8500); -- rksword
insert into droplist values(190005, '', 126, '', 1, 1, 8500); -- som
insert into droplist values(190005, '', 115, '', 1, 1, 8500); -- csom
insert into droplist values(190005, '', 20051, '', 1, 1, 7000); -- sovereign's majesty cloak
insert into droplist values(190005, '', 20195, '', 1, 1, 7000); -- shadow boots
insert into droplist values(190005, '', 20171, '', 1, 1, 7000); -- gop
insert into droplist values(190005, '', 20055, '', 1, 1, 7000); -- com
insert into droplist values(190005, '', 209, '', 1, 1, 5500); -- ess:con
insert into droplist values(190005, '', 20074, '', 1, 1, 350); -- s-cloak
insert into droplist values(190005, '', 40013, '', 1, 1, 75000); -- haste pot
insert into droplist values(190005, '', 40856, '', 1, 1, 20000); -- pi tele scroll
insert into droplist values(190005, '', 42049, '', 1, 1, 5000); -- fi tele scroll
insert into droplist values(190005, '', 450003, '', 1, 1, 5); -- bume
insert into droplist values(190005, '', 450000, '', 1, 1, 5); -- thors
insert into droplist values(190005, '', 36, '', 1, 1, 5); -- eva scorn
insert into droplist values(190005, '', 40048, '', 1, 1, 190000); -- hqd

-- bubbles
insert into droplist values(190006, '', 40308, '', 2, 5, 1000000); -- adena
insert into droplist values(190006, '', 40062, '', 20, 50, 1000000); -- banana
insert into droplist values(190006, '', 40074, '', 1, 5, 275000); -- nzel
insert into droplist values(190006, '', 40087, '', 1, 1, 95000); -- ndai
insert into droplist values(190006, '', 140074, '', 1, 1, 18000); -- bzel
insert into droplist values(190006, '', 140087, '', 1, 1, 4000); -- bdai
insert into droplist values(190006, '', 20004, '', 1, 1, 8000); -- shadow mask
insert into droplist values(190006, '', 20021, '', 1, 1, 8000); -- dex helm
insert into droplist values(190006, '', 20039, '', 1, 1, 8000); -- con helm
insert into droplist values(190006, '', 20027, '', 1, 1, 8000); -- rkh
insert into droplist values(190006, '', 20226, '', 1, 1, 8000); -- bomp
insert into droplist values(190006, '', 20065, '', 1, 1, 8000); -- red cloak
insert into droplist values(190006, '', 20164, '', 1, 1, 5000); -- shadow gloves
insert into droplist values(190006, '', 20084, '', 1, 1, 5000); -- ets
insert into droplist values(190006, '', 20230, '', 1, 1, 5000); -- rksheild
insert into droplist values(190006, '', 30, '', 1, 1, 5000); -- rksword
insert into droplist values(190006, '', 126, '', 1, 1, 5000); -- som
insert into droplist values(190006, '', 115, '', 1, 1, 5000); -- csom
insert into droplist values(190006, '', 20051, '', 1, 1, 3000); -- sovereign's majesty cloak
insert into droplist values(190006, '', 20195, '', 1, 1, 3000); -- shadow boots
insert into droplist values(190006, '', 20171, '', 1, 1, 3000); -- gop
insert into droplist values(190006, '', 20055, '', 1, 1, 3000); -- com

-- elephant man skeleton
insert into droplist values(190007, '', 40308, '', 22, 98, 1000000); -- adena
insert into droplist values(190007, '', 40074, '', 1, 1, 200000); -- nzel
insert into droplist values(190007, '', 40087, '', 1, 1, 60000); -- ndai
insert into droplist values(190007, '', 20004, '', 1, 1, 4000); -- shadow mask
insert into droplist values(190007, '', 20021, '', 1, 1, 4000); -- dex helm
insert into droplist values(190007, '', 20039, '', 1, 1, 4000); -- con helm
insert into droplist values(190007, '', 20027, '', 1, 1, 4000); -- rkh
insert into droplist values(190007, '', 20226, '', 1, 1, 4000); -- bomp
insert into droplist values(190007, '', 20065, '', 1, 1, 4000); -- red cloak
insert into droplist values(190007, '', 20164, '', 1, 1, 2500); -- shadow gloves
insert into droplist values(190007, '', 20084, '', 1, 1, 2500); -- ets
insert into droplist values(190007, '', 20230, '', 1, 1, 2500); -- rksheild
insert into droplist values(190007, '', 30, '', 1, 1, 2500); -- rksword
insert into droplist values(190007, '', 126, '', 1, 1, 2500); -- som
insert into droplist values(190007, '', 115, '', 1, 1, 2500); -- csom
insert into droplist values(190007, '', 20051, '', 1, 1, 1800); -- sovereign's majesty cloak
insert into droplist values(190007, '', 20195, '', 1, 1, 1800); -- shadow boots
insert into droplist values(190007, '', 20171, '', 1, 1, 1800); -- gop
insert into droplist values(190007, '', 20055, '', 1, 1, 1800); -- com

-- macaulay culkin
insert into droplist values(190008, '', 40308, '', 14000, 45000, 1000000); -- adena
insert into droplist values(190008, '', 40074, '', 1, 1, 200000); -- nzel
insert into droplist values(190008, '', 40087, '', 1, 1, 60000); -- ndai
insert into droplist values(190008, '', 20004, '', 1, 1, 1800); -- shadow mask
insert into droplist values(190008, '', 20021, '', 1, 1, 1800); -- dex helm
insert into droplist values(190008, '', 20039, '', 1, 1, 1800); -- con helm
insert into droplist values(190008, '', 20027, '', 1, 1, 1800); -- rkh
insert into droplist values(190008, '', 20226, '', 1, 1, 1800); -- bomp
insert into droplist values(190008, '', 20065, '', 1, 1, 1800); -- red cloak
insert into droplist values(190008, '', 20164, '', 1, 1, 900); -- shadow gloves
insert into droplist values(190008, '', 20084, '', 1, 1, 900); -- ets
insert into droplist values(190008, '', 20230, '', 1, 1, 900); -- rksheild
insert into droplist values(190008, '', 30, '', 1, 1, 900); -- rksword
insert into droplist values(190008, '', 126, '', 1, 1, 900); -- som
insert into droplist values(190008, '', 115, '', 1, 1, 900); -- csom
insert into droplist values(190008, '', 20051, '', 1, 1, 450); -- sovereign's majesty cloak
insert into droplist values(190008, '', 20195, '', 1, 1, 450); -- shadow boots
insert into droplist values(190008, '', 20171, '', 1, 1, 450); -- gop
insert into droplist values(190008, '', 20055, '', 1, 1, 450); -- com

-- michael jackson
insert into droplist values(190009, '', 40308, '', 1200, 13000, 1000000); -- adena
insert into droplist values(190009, '', 40060, '', 35, 225, 1000000); -- carrot
insert into droplist values(190009, '', 50000, '', 23, 67, 1000000); -- lube
insert into droplist values(190009, '', 50003, '', 1, 1, 1000000); -- pubes
insert into droplist values(190009, '', 50002, '', 8, 20, 500000); -- sperm
insert into droplist values(190009, '', 40025, '', 1, 3, 1000000); -- blind pot
insert into droplist values(190009, '', 20162, '', 1, 1, 1000000); -- Leather Gloves
insert into droplist values(190009, '', 20163, '', 1, 1, 350000); -- Iron Gloves
insert into droplist values(190009, '', 20165, '', 1, 1, 13000); -- Demon Gloves
insert into droplist values(190009, '', 20166, '', 1, 1, 11000); -- Death Knight Gloves
insert into droplist values(190009, '', 20167, '', 1, 1, 2000); -- Gloves of Lizardman Hero
insert into droplist values(190009, '', 20168, '', 1, 1, 7500); -- Gloves of Pretender King
insert into droplist values(190009, '', 20172, '', 1, 1, 75000); -- Glove of Ice Spirit
insert into droplist values(190009, '', 20174, '', 1, 1, 85000); -- Snow Gloves
insert into droplist values(190009, '', 20175, '', 1, 1, 12000); -- Crystal Gloves
insert into droplist values(190009, '', 20176, '', 1, 1, 9000); -- Gloves of the New King
insert into droplist values(190009, '', 20177, '', 1, 1, 80000); -- Glove of Dark Spirit
insert into droplist values(190009, '', 20180, '', 1, 1, 280000); -- Dark Gloves
insert into droplist values(190009, '', 20181, '', 1, 1, 25000); -- Glove of Fire Spirit
insert into droplist values(190009, '', 20182, '', 1, 1, 1000000); -- Gloves
insert into droplist values(190009, '', 20187, '', 1, 1, 68000); -- Power Gloves
insert into droplist values(190009, '', 120182, '', 1, 1, 400000); -- b-Gloves
insert into droplist values(190009, '', 21054, '', 1, 1, 400000); -- Wet Gloves
insert into droplist values(190009, '', 40074, '', 1, 5, 1000000); -- nzel
insert into droplist values(190009, '', 40087, '', 1, 2, 1000000); -- ndai
insert into droplist values(190009, '', 140074, '', 1, 2, 500000); -- bzel
insert into droplist values(190009, '', 140087, '', 1, 1, 300000); -- bdai
insert into droplist values(190009, '', 40062, '', 1, 5, 100000); -- banana
insert into droplist values(190009, '', 140062, '', 1, 1, 10000); -- b-banana
insert into droplist values(190009, '', 40551, '', 1, 1, 120000); -- claw of varlok (elf)
insert into droplist values(190009, '', 40550, '', 1, 1, 120000); -- eye of varlok (mage)
insert into droplist values(190009, '', 40552, '', 1, 1, 120000); -- heart of varlok (prince)
insert into droplist values(190009, '', 40549, '', 1, 1, 120000); -- sword of varlok (knight)
insert into droplist values(190009, '', 20004, '', 1, 1, 20000); -- shadow mask
insert into droplist values(190009, '', 20021, '', 1, 1, 20000); -- dex helm
insert into droplist values(190009, '', 20039, '', 1, 1, 20000); -- con helm
insert into droplist values(190009, '', 20027, '', 1, 1, 20000); -- rkh
insert into droplist values(190009, '', 20226, '', 1, 1, 20000); -- bomp
insert into droplist values(190009, '', 20065, '', 1, 1, 20000); -- red cloak
insert into droplist values(190009, '', 20164, '', 1, 1, 1000000); -- shadow gloves
insert into droplist values(190009, '', 20084, '', 1, 1, 18000); -- ets
insert into droplist values(190009, '', 20230, '', 1, 1, 18000); -- rksheild
insert into droplist values(190009, '', 30, '', 1, 1, 18000); -- rksword
insert into droplist values(190009, '', 126, '', 1, 1, 18000); -- som
insert into droplist values(190009, '', 115, '', 1, 1, 18000); -- csom
insert into droplist values(190009, '', 20051, '', 1, 1, 15000); -- sovereign's majesty cloak
insert into droplist values(190009, '', 20195, '', 1, 1, 15000); -- shadow boots
insert into droplist values(190009, '', 20171, '', 1, 1, 500000); -- gop
insert into droplist values(190009, '', 20055, '', 1, 1, 15000); -- com
insert into droplist values(190009, '', 209, '', 1, 1, 16000); -- ess:con
insert into droplist values(190009, '', 20074, '', 1, 1, 4500); -- s-cloak
insert into droplist values(190009, '', 40013, '', 3, 5, 1000000); -- haste pot
insert into droplist values(190009, '', 40520, '', 3, 30, 1000000); -- fairydust
insert into droplist values(190009, '', 40856, '', 1, 1, 50000); -- pi tele scroll
insert into droplist values(190009, '', 42049, '', 1, 1, 15000); -- fi tele scroll
insert into droplist values(190009, '', 450003, '', 1, 1, 300); -- bume
insert into droplist values(190009, '', 450000, '', 1, 1, 300); -- thors
insert into droplist values(190009, '', 36, '', 1, 1, 300); -- eva scorn

-- HOTBOY
insert into droplist values(190010, '', 40308, '', 12, 78, 1000000); -- adena
insert into droplist values(190010, '', 40060, '', 1, 5, 180000); -- carrot
insert into droplist values(190010, '', 50000, '', 1, 2, 180000); -- lube
insert into droplist values(190010, '', 50003, '', 1, 1, 350000); -- pubes
insert into droplist values(190010, '', 20213, '', 1, 1, 50000); -- low boots
insert into droplist values(190010, '', 20322, '', 1, 1, 50000); -- leather jacket
insert into droplist values(190010, '', 20043, '', 1, 1, 50000); -- helmet
insert into droplist values(190010, '', 20182, '', 1, 1, 50000); -- gloves
insert into droplist values(190010, '', 20072, '', 1, 1, 50000); -- orcish cloak
insert into droplist values(190010, '', 128, '', 1, 1, 50000); -- oak staff

-- Dekem
insert into droplist values(190011, '', 40308, '', 23, 86, 1000000); -- adena
insert into droplist values(190011, '', 41424, '', 3, 8, 300000); -- panda feed
insert into droplist values(190011, '', 40060, '', 1, 5, 180000); -- carrot
insert into droplist values(190011, '', 50000, '', 1, 2, 180000); -- lube
insert into droplist values(190011, '', 41275, '', 1, 1, 55000); -- bear meat
insert into droplist values(190011, '', 50003, '', 1, 1, 350000); -- pubes
insert into droplist values(190011, '', 20213, '', 1, 1, 50000); -- low boots
insert into droplist values(190011, '', 20114, '', 1, 1, 50000); -- cotton robe
insert into droplist values(190011, '', 20043, '', 1, 1, 50000); -- helmet
insert into droplist values(190011, '', 20182, '', 1, 1, 50000); -- gloves
insert into droplist values(190011, '', 20052, '', 1, 1, 50000); -- dwarf cloak
insert into droplist values(190011, '', 129, '', 1, 1, 50000); -- wizard staff

-- Uncle Gary
insert into droplist values(190012, '', 40308, '', 6, 20, 1000000); -- adena
insert into droplist values(190012, '', 40039, '', 1, 1, 300000); -- wine
insert into droplist values(190012, '', 40040, '', 1, 1, 200000); -- whiskey
insert into droplist values(190012, '', 40060, '', 1, 4, 150000); -- carrot
insert into droplist values(190012, '', 50000, '', 1, 1, 150000); -- lube
insert into droplist values(190012, '', 50003, '', 1, 1, 375000); -- pubes
insert into droplist values(190012, '', 20193, '', 1, 1, 40000); -- leather sandals
insert into droplist values(190012, '', 20322, '', 1, 1, 40000); -- leather jacket
insert into droplist values(190012, '', 20001, '', 1, 1, 40000); -- leather cap
insert into droplist values(190012, '', 20162, '', 1, 1, 40000); -- leather gloves

-- ===========================================================================
-- mobgroup additions
insert into mobgroup values(
  90, -- id
  'Michael Jackson Boss Group', -- note
  1, -- remove_group_if_leader_die
  190009, -- leader_id
  190008, -- minion1_id
  1, -- minion1_count
  190007, -- minion2_id
  1, -- minion2_count
  190006, -- minion3_id
  1, -- minion3_count
  0, -- minion4_id
  0, -- minion4_count
  0, -- minion5_id
  0, -- minion5_count
  0, -- minion6_id
  0, -- minion6_count
  0, -- minion7_id
  0 -- minion7_count
);


-- ===========================================================================
-- shop additions
insert into shop values(70074, '', 50002, '', 0, -1, 0, 1000);
insert into shop values(70021, '', 50002, '', 0, -1, 0, 1000);
insert into shop values(70030, '', 50002, '', 0, -1, 0, 1000);
insert into shop values(70014, '', 50002, '', 0, -1, 0, 1000);
insert into shop values(70014, '', 50000, '', 0, -1, 0, 100);
insert into shop values(70074, '', 50003, '', 0, -1, 0, 32);
insert into shop values(70021, '', 50003, '', 0, -1, 0, 32);
insert into shop values(70030, '', 50003, '', 0, -1, 0, 32);
insert into shop values(70014, '', 50003, '', 0, -1, 0, 32);


-- ===========================================================================
-- spawns

-- remove all TI normal mob spawn
delete from spawnlist where id between 62000 and 62062;
delete from spawnlist where id between 62073 and 62078;

-- remove kurtz spawn
delete from spawnlist_boss where id = 38;

-- add normal event spawn
INSERT INTO `spawnlist` VALUES ('811500421', 'Semen Puddle', '10', '190013', '0', '32635', '32843', '0', '0', '32565', '32801', '32706', '32885', '3', '60', '120', '0', '0', '0', '0', '0','1','8','2','100');
INSERT INTO `spawnlist` VALUES ('811500422', 'Semen Puddle', '4', '190013', '0', '32635', '32843', '0', '0', '32606', '32903', '32621', '32977', '3', '60', '120', '0', '0', '0', '0', '0','1','8','2','100');
INSERT INTO `spawnlist` VALUES ('811500423', 'Semen Puddle', '4', '190013', '0', '32636', '32950', '0', '0', '32624', '32937', '32648', '32964', '3', '60', '120', '0', '0', '0', '0', '0','1','8','2','100');
INSERT INTO `spawnlist` VALUES ('811500424', 'Semen Puddle', '5', '190013', '0', '32508', '32821', '0', '0', '32464', '32784', '32553', '32858', '3', '60', '120', '0', '0', '0', '0', '0','1','8','2','100');
INSERT INTO `spawnlist` VALUES ('811500425', 'Semen Puddle', '30', '190013', '0', '32425', '33042', '0', '0', '32304', '32864', '32546', '33221', '3', '60', '120', '0', '0', '0', '0', '0','1','8','2','100');
INSERT INTO `spawnlist` VALUES ('811500426', 'Semen Puddle', '20', '190013', '0', '32637', '33131', '0', '0', '32547', '33037', '32728', '33225', '3', '60', '120', '0', '0', '0', '0', '0','1','8','2','100');
INSERT INTO `spawnlist` VALUES ('811500430', 'NAMBLA Member', '60', '190002', '0', '32632', '32842', '0', '0', '32559', '32799', '32706', '32885', '3', '60', '120', '0', '0', '0', '0', '0','1','8','2','100');
INSERT INTO `spawnlist` VALUES ('811500431', 'NAMBLA Member', '120', '190002', '0', '32416', '33028', '0', '0', '32305', '32863', '32527', '33193', '3', '60', '120', '0', '0', '0', '0', '0','1','8','2','100');
INSERT INTO `spawnlist` VALUES ('811500432', 'Unwashed NAMBLA Member', '100', '190014', '0', '32628', '33128', '0', '0', '32527', '33030', '32730', '33227', '3', '60', '120', '0', '0', '0', '0', '0','1','8','2','100');
INSERT INTO `spawnlist` VALUES ('811500433', 'NAMBLA Member in Fursuit', '20', '190003', '0', '32633', '32840', '0', '0', '32560', '32796', '32707', '32884', '3', '60', '120', '0', '0', '0', '0', '0','1','8','2','100');
INSERT INTO `spawnlist` VALUES ('811500434', 'NAMBLA Member in Fursuit', '30', '190003', '0', '32415', '33028', '0', '0', '32303', '32862', '32527', '33194', '3', '60', '120', '0', '0', '0', '0', '0','1','8','2','100');
INSERT INTO `spawnlist` VALUES ('811500435', 'NAMBLA Member in Fursuit', '30', '190003', '0', '32628', '33128', '0', '0', '32527', '33030', '32730', '33226', '3', '60', '120', '0', '0', '0', '0', '0','1','8','2','100');
INSERT INTO `spawnlist` VALUES ('811500440', 'Gym Teacher', '10', '190004', '0', '32633', '32840', '0', '0', '32560', '32796', '32706', '32884', '3', '60', '120', '0', '0', '0', '0', '0','1','8','2','100');
INSERT INTO `spawnlist` VALUES ('811500441', 'Gym Teacher', '10', '190004', '0', '32633', '32840', '0', '0', '32466', '32784', '32552', '32857', '3', '60', '120', '0', '0', '0', '0', '0','1','8','2','100');
INSERT INTO `spawnlist` VALUES ('811500442', 'Gym Teacher', '20', '190004', '0', '32416', '33026', '0', '0', '32305', '32862', '32527', '33191', '3', '60', '120', '0', '0', '0', '0', '0','1','8','2','100');
INSERT INTO `spawnlist` VALUES ('811500443', 'Gym Teacher', '25', '190004', '0', '32629', '33128', '0', '0', '32528', '33031', '32731', '33225', '3', '60', '120', '0', '0', '0', '0', '0','1','8','2','100');
INSERT INTO `spawnlist` VALUES ('811500448', 'NAMBLA Member', '60', '190002', '0', '32634', '32841', '0', '0', '32561', '32796', '32708', '32886', '3', '60', '120', '0', '0', '0', '0', '0','1','8','2','100');
INSERT INTO `spawnlist` VALUES ('811500449', 'NAMBLA Member', '30', '190002', '0', '32508', '32819', '0', '0', '32464', '32781', '32552', '32858', '3', '60', '120', '0', '0', '0', '0', '0','1','8','2','100');
INSERT INTO `spawnlist` VALUES ('811500450', 'NAMBLA Member', '90', '190002', '0', '32415', '32963', '0', '0', '32305', '32863', '32526', '33063', '3', '60', '120', '0', '0', '0', '0', '0','1','8','2','100');
INSERT INTO `spawnlist` VALUES ('811500451', 'Unwashed NAMBLA Member', '50', '190014', '0', '32628', '33126', '0', '0', '32526', '33030', '32730', '33223', '3', '60', '120', '0', '0', '0', '0', '0','1','8','2','100');
INSERT INTO `spawnlist` VALUES ('811500460', 'NAMBLA Member', '15', '190002', '0', '32634', '32840', '0', '0', '32561', '32796', '32708', '32884', '3', '60', '120', '0', '0', '0', '0', '0','1','8','2','100');
INSERT INTO `spawnlist` VALUES ('811500461', 'NAMBLA Member in Fursuit', '10', '45041', '0', '190003', '32819', '0', '0', '32465', '32782', '32551', '32857', '3', '60', '120', '0', '0', '0', '0', '0','1','8','2','100');
INSERT INTO `spawnlist` VALUES ('811500463', 'NAMBLA Member in Fursuit', '35', '45041', '0', '190003', '33126', '0', '0', '32528', '33031', '32728', '33222', '3', '60', '120', '0', '0', '0', '0', '0','1','8','2','100');
INSERT INTO `spawnlist` VALUES ('811500464', 'Gym Teacher', '16', '190004', '0', '32633', '32839', '0', '0', '32562', '32796', '32705', '32883', '3', '60', '120', '0', '0', '0', '0', '0','1','8','2','100');
INSERT INTO `spawnlist` VALUES ('811500465', 'Gym Teacher', '20', '190004', '0', '32634', '32840', '0', '0', '32562', '32797', '32707', '32883', '3', '60', '120', '0', '0', '0', '0', '0','1','8','2','100');
INSERT INTO `spawnlist` VALUES ('811500472', 'Catholic Priest', '10', '190005', '0', '32508', '32818', '0', '0', '32465', '32781', '32552', '32856', '3', '60', '120', '0', '0', '0', '0', '0','1','8','2','100');
INSERT INTO `spawnlist` VALUES ('811500473', 'Catholic Priest', '35', '190005', '0', '32416', '33027', '0', '0', '32305', '32863', '32528', '33191', '3', '60', '120', '0', '0', '0', '0', '0','1','8','2','100');
INSERT INTO `spawnlist` VALUES ('811500474', 'Catholic Priest', '35', '190005', '0', '190005', '33027', '0', '0', '32529', '33031', '32731', '33224', '3', '60', '120', '0', '0', '0', '0', '0','1','8','2','100');
INSERT INTO `spawnlist` VALUES ('811500475', 'Catholic Priest', '35', '190005', '0', '32417', '33128', '0', '0', '32306', '33066', '32528', '33190', '3', '60', '120', '0', '0', '0', '0', '0','1','8','2','100');
INSERT INTO `spawnlist` VALUES ('811500476', 'NAMBLA Member in Fursuit', '35', '190003', '0', '32417', '33128', '0', '0', '32306', '32964', '32457', '33190', '3', '60', '120', '0', '0', '0', '0', '0','1','8','2','100');
INSERT INTO `spawnlist` VALUES ('811500477', 'NAMBLA Member in Fursuit', '35', '190003', '0', '32381', '33077', '0', '0', '32460', '33034', '32729', '33221', '3', '60', '120', '0', '0', '0', '0', '0','1','8','2','100');
INSERT INTO `spawnlist` VALUES ('811500478', 'Catholic Priest', '25', '190005', '0', '32382', '33077', '0', '0', '32307', '32965', '32458', '33189', '3', '60', '120', '0', '0', '0', '0', '0','1','8','2','100');
INSERT INTO `spawnlist` VALUES ('811500479', 'Catholic Priest', '25', '190005', '0', '32594', '33129', '0', '0', '32460', '33035', '32728', '33224', '3', '60', '120', '0', '0', '0', '0', '0','1','8','2','100');
INSERT INTO `spawnlist` VALUES ('811500480', 'Altar Boy', '16', '190000', '0', '32633', '32841', '0', '0', '32562', '32798', '32705', '32884', '3', '60', '120', '0', '0', '0', '0', '0','1','8','2','100');
INSERT INTO `spawnlist` VALUES ('811500481', 'Altar Boy', '10', '190000', '0', '32510', '32821', '0', '0', '32468', '32786', '32552', '32857', '3', '60', '120', '0', '0', '0', '0', '0','1','8','2','100');
INSERT INTO `spawnlist` VALUES ('811500482', 'Altar Boy', '20', '190000', '0', '32382', '33030', '0', '0', '32305', '32966', '32459', '33095', '3', '60', '120', '0', '0', '0', '0', '0','1','8','2','100');
INSERT INTO `spawnlist` VALUES ('811500483', 'Altar Boy', '20', '190000', '0', '32629', '33129', '0', '0', '32528', '33033', '32730', '33225', '3', '60', '120', '0', '0', '0', '0', '0','1','8','2','100');
INSERT INTO `spawnlist` VALUES ('811500484', 'Boy Scout', '20', '190001', '0', '32635', '32839', '0', '0', '32562', '32797', '32708', '32882', '3', '60', '120', '0', '0', '0', '0', '0','1','8','2','100');
INSERT INTO `spawnlist` VALUES ('811500485', 'Boy Scout', '10', '190001', '0', '32509', '32818', '0', '0', '32465', '32781', '32554', '32856', '3', '60', '120', '0', '0', '0', '0', '0','1','8','2','100');
INSERT INTO `spawnlist` VALUES ('811500486', 'Boy Scout', '20', '190001', '0', '32509', '32818', '0', '0', '32305', '32966', '32458', '33093', '3', '60', '120', '0', '0', '0', '0', '0','1','8','2','100');
INSERT INTO `spawnlist` VALUES ('811500487', 'Boy Scout', '20', '190001', '0', '32594', '33130', '0', '0', '32460', '33037', '32729', '33223', '3', '60', '120', '0', '0', '0', '0', '0','1','8','2','100');
INSERT INTO `spawnlist` VALUES ('811500488', 'Altar Boy', '10', '190000', '0', '32381', '33076', '0', '0', '32305', '32964', '32458', '33188', '3', '60', '120', '0', '0', '0', '0', '0','1','8','2','100');
INSERT INTO `spawnlist` VALUES ('811500489', 'Altar Boy', '16', '190000', '0', '32594', '33130', '0', '0', '32459', '33037', '32730', '33224', '3', '60', '120', '0', '0', '0', '0', '0','1','8','2','100');


-- town spawn
INSERT INTO `spawnlist` VALUES ('811500490', 'Altar Boy', '3', '190000', '0', '32583', '32944', '0', '0', '32573', '32934', '32593', '32954', '2', '60', '120', '0', '0', '0', '0', '0','1','8','2','100');
INSERT INTO `spawnlist` VALUES ('811500491', 'Boy Scout', '3', '190001', '0', '32583', '32944', '0', '0', '32573', '32934', '32593', '32954', '2', '60', '120', '0', '0', '0', '0', '0','1','8','2','100');


-- add inn spawn
INSERT INTO `spawnlist` VALUES ('811500427', 'HOTBOY', '1', '190010', '0', '32599', '32929', '0', '0', '0', '0', '0', '0', '6', '60', '120', '0', '1', '40', '1', '0','1','8','2','100');
INSERT INTO `spawnlist` VALUES ('811500428', 'Dekem', '1', '190011', '0', '32597', '32931', '0', '0', '0', '0', '0', '0', '4', '60', '120', '0', '1', '40', '1', '0','1','8','2','100');
INSERT INTO `spawnlist` VALUES ('811500429', 'Uncle Gary', '1', '190012', '0', '32596', '32931', '0', '0', '0', '0', '0', '0', '4', '60', '120', '0', '1', '40', '1', '0','1','8','2','100');


-- add boss spawn
INSERT INTO `spawnlist_boss` VALUES ('150', '1Drake', 'Night', '1', '190009', '90', '32635', '32959', '0', '0', '32621', '32951', '32640', '32971', '0', '0', '1', '35', '0', '0', '100');
